id,user
887103332,@_bmanb
930566622,@a3mer_h
994247286,@o_mohameed
1047712574,@af1220af11
1076675010,@saleh5673
1089637616,@saleh6898
1106800056,@8shatha5
1292305004,@Shouq_su
1348894308,@Amani_Osra1407
1399204638,@ia261_
1409820554,@jm12391
1515210348,@silfkoo
2153946430,@savbi1990
2223441303,@abihafs1
2358998579,@AhmedGhannoum
2419606470,@bilal_majbour
2563106168,@hassanelnono95
2586036313,@ameraaboshosha
2594101698,@BasemAsker
2602666759,@NFC79
2944414472,@a_bimah
3150507518,@aaldokhayel
3195198528,@noufalansari_
